{"cameraMode":{"drawMode":0,"name":"Shaded","section":"Shading Mode"},"sceneLighting":true,"audioPlay":false,"sceneViewState":{"m_AlwaysRefresh":true,"showFog":true,"showSkybox":true,"showFlares":true,"showImageEffects":true,"showParticleSystems":true,"showVisualEffectGraphs":true,"m_FxEnabled":true},"in2DMode":false,"pivot":{"x":317.5530090332031,"y":210.54307556152345,"z":-2.108795166015625},"rotation":{"x":-0.007809590082615614,"y":0.006596868857741356,"z":-0.000051565766625571996,"w":-0.9999460577964783},"size":98.73802185058594,"orthographic":false}